Category,Avg IVT,Avg Requests/IDFA,Avg IDFA-UA Ratio,Sample Size
Late IVT,0.003719878174592593,1.0659067382962963,4417.902482688889,27
Early IVT,0.00883389322915625,1.0348850218124999,1384.3448633656249,32
No IVT,0.0,1.0306176138709677,815.5707843451611,31
